"vehicle_id";"fuel_id";"vehicle_model_id";"model";"vehicle_brand";"vehicle_image";"vehicle_capacity";"max_speed";"driving_range";"vehicle_subsidy";"battery_type";"dealer_contact";"manufacturer";"manufacturing_country"
1;1;1;"레이 EV 2WD 14인치 4인승 승용";"기아";"car_images/250903_1420420.png";"(경형) 4인승";"135km/h";"(상온) 211km (저온) 176km";"457";"리튬인산철(35.2kWh)";"080-200-2000";"기아";"대한민국"
2;1;2;"더뉴EV6 롱레인지 2WD 20인치";"기아";"car_images/250903_1420441.png";"5인승";"186km/h";"(상온) 462km (저온) 370km";"644";"리튬이온(83.6kWh)";"080-200-2000";"기아";"대한민국"
3;1;2;"더뉴EV6 롱레인지 4WD 19인치";"기아";"car_images/250903_1420452.png";"5인승";"188km/h";"(상온) 461km (저온) 380km";"646";"리튬이온(83.6kWh)";"080-200-2000";"기아";"대한민국"
4;1;2;"더뉴EV6 롱레인지 4WD 20인치";"기아";"car_images/250903_1420463.png";"5인승";"188km/h";"(상온) 437km (저온) 353km";"617";"리튬이온(83.6kWh)";"080-200-2000";"기아";"대한민국"
5;1;2;"더뉴EV6 스탠다드";"기아";"car_images/250903_1420474.png";"5인승";"-";"(상온) 389km (저온) 304km";"582";"리튬이온(63.1kWh)";"080-200-2000";"기아";"대한민국"
6;1;1;"레이 EV 2WD 14인치 1인승 밴";"기아";"car_images/250903_1420475.png";"(경형) 1인승";"135km/h";"(상온) 211km (저온) 176km";"457";"리튬인산철(35.2kWh)";"080-200-2000";"기아";"대한민국"
7;1;1;"레이 EV 2WD 14인치 2인승 밴";"기아";"car_images/250903_1420496.png";"(경형) 2인승";"135km/h";"(상온) 211km (저온) 176km";"457";"리튬인산철(35.2kWh)";"080-200-2000";"기아";"대한민국"
8;1;2;"EV9 롱레인지 GTL 4WD 21인치";"기아";"car_images/250903_1420507.png";"6, 7인승";"200km/h";"(상온) 452km (저온) 321km";"257";"리튬이온(99.8kWh)";"080-200-2000";"기아";"대한민국"
9;1;2;"EV9 스탠다드";"기아";"car_images/250903_1420518.png";"6, 7인승";"190km/h";"(상온) 385km (저온) 307km";"242";"리튬이온(76.2kWh)";"080-200-2000";"기아";"대한민국"
10;1;3;"PV5 패신저 5인승 롱레인지";"기아";"car_images/250903_1420529.png";"5인승";"135km/h";"(상온) 363km (저온) 296km";"468";"리튬이온(71.2kWh)";"080-200-2000";"기아 주식회사";"대한민국"
11;1;3;"The all-new Kia Niro EV";"기아";"car_images/250903_14205310.png";"5인승";"167km/h";"(상온) 404km (저온) 303km";"590";"리튬이온(64.8kWh)";"080-200-2000";"기아";"대한민국"
12;1;2;"더뉴EV6 GT";"기아";"car_images/250903_14205411.png";"5인승";"260km/h";"(상온) 361km (저온) 321km";"232";"리튬이온(84.1kWh)";"080-200-2000";"기아";"대한민국"
13;1;2;"더뉴EV6 롱레인지 2WD 19인치";"기아";"car_images/250903_14205512.png";"5인승";"186km/h";"(상온) 505km (저온) 391km";"655";"리튬이온(83.6kWh)";"080-200-2000";"기아";"대한민국"
14;1;3;"EV4 스탠다드 2WD 17인치";"기아";"car_images/250903_14205613.png";"5인승";"170km/h";"(상온) 391km (저온) 305km";"522";"리튬이온(58.3kWh)";"080-200-2000";"기아";"대한민국"
15;1;3;"EV4 스탠다드 2WD 19인치";"기아";"car_images/250903_14205714.png";"5인승";"170km/h";"(상온) 362km (저온) 291km";"491";"리튬이온(58.3kWh)";"080-200-2000";"기아";"대한민국"
16;1;2;"EV9 롱레인지 2WD 19인치";"기아";"car_images/250903_14205815.png";"6, 7인승";"185km/h";"(상온) 508km (저온) 368km";"275";"리튬이온(99.8kWh)";"080-200-2000";"기아";"대한민국"
17;1;2;"EV9 롱레인지 2WD 20인치";"기아";"car_images/250903_14205916.png";"6, 7인승";"185km/h";"(상온) 490km (저온) 370km";"273";"리튬이온(99.8kWh)";"080-200-2000";"기아";"대한민국"
18;1;2;"EV9 롱레인지 4WD 19인치";"기아";"car_images/250903_14210017.png";"6, 7인승";"200km/h";"(상온) 453km (저온) 337km";"259";"리튬이온(99.8kWh)";"080-200-2000";"기아";"대한민국"
19;1;2;"EV9 롱레인지 4WD 21인치";"기아";"car_images/250903_14210118.png";"6, 7인승";"200km/h";"(상온) 461km (저온) 352km";"265";"리튬이온(99.8kWh)";"080-200-2000";"기아";"대한민국"
20;1;3;"EV3 롱레인지 2WD 17인치";"기아";"car_images/250903_14210319.png";"5인승";"170km/h";"(상온) 510km (저온) 401km";"565";"리튬이온(81.3kWh)";"080-200-2000";"기아";"대한민국"
21;1;3;"EV3 롱레인지 2WD 19인치";"기아";"car_images/250903_14210320.png";"5인승";"170km/h";"(상온) 485km (저온) 382km";"565";"리튬이온(81.3kWh)";"080-200-2000";"기아";"대한민국"
22;1;3;"EV3 스탠다드 2WD";"기아";"car_images/250903_14210421.png";"5인승";"170km/h";"(상온) 347km (저온) 292km";"479";"리튬이온(58.3kWh)";"080-200-2000";"기아";"대한민국"
23;1;3;"EV4 롱레인지 2WD 17인치";"기아";"car_images/250903_14210522.png";"5인승";"170km/h";"(상온) 549km (저온) 440km";"565";"리튬이온(81.4kWh)";"080-200-2000";"기아";"대한민국"
24;1;3;"EV4 롱레인지 2WD 19인치";"기아";"car_images/250903_14210623.png";"5인승";"170km/h";"(상온) 514km (저온) 410km";"565";"리튬이온(81.4kWh)";"080-200-2000";"기아";"대한민국"
25;1;3;"EV4 롱레인지 GTL 2WD 19인치";"기아";"car_images/250903_14210724.png";"5인승";"170km/h";"(상온) 509km (저온) 421km";"565";"리튬이온(81.4kWh)";"080-200-2000";"기아";"대한민국"
26;1;4;"SCENIC";"르노코리아";"car_images/250903_14211425.png";"5인승";"180km/h";"(상온) 443km (저온) 312km";"443";"리튬이온(87kWh)";"080-300-3000";"RENAULT s.a.s(300)";"프랑스"
27;1;2;"EQA250(Facelift)";"메르세데스벤츠코리아";"car_images/250903_14212126.png";"5인승";"160km/h";"(상온) 367km (저온) 298km";"190";"리튬이온(68.6kWh)";"080-001-1886";"Mercedes-Benz";"독일"
28;1;2;"EQB300 4MATIC(Facelift)(5인승)";"메르세데스벤츠코리아";"car_images/250903_14212227.png";"5인승";"160km/h";"(상온) 302km (저온) 255km";"154";"리튬이온(68.6kWh)";"080-001-1886";"Mercedes-Benz";"헝가리"
29;1;2;"EQB300 4MATIC(Facelift)(7인승)";"메르세데스벤츠코리아";"car_images/250903_14212328.png";"7인승";"160km/h";"(상온) 302km (저온) 255km";"154";"리튬이온(68.6kWh)";"080-001-1886";"Mercedes-Benz";"헝가리"
30;1;3;"볼보 EX30 Single Motor ER";"볼보자동차코리아";"car_images/250903_14213029.png";"5인승";"-";"(상온) 351km (저온) 302km";"247";"리튬이온(66kWh)";"1588-1777";"Volvo";"중국"
31;1;2;"BYD ATTO 3";"비와이디코리아";"car_images/250903_14213730.png";"5인승";"-";"(상온) 321km (저온) 309km";"145";"리튬인산철(60.5kWh)";"080-808-0008";"BYD";"중국"
32;1;4;"BYD seal dynamic AWD";"비와이디코리아";"car_images/250903_14213831.png";"5인승";"180km/h";"(상온) 407km (저온) 371km";"178";"리튬인산철(82.56kWh)";"080-808-0008";"BYD";"중국"
33;1;3;"코란도 EV 2WD";"케이지모빌리티";"car_images/250903_14214532.png";"5인승";"171km/h";"(상온) 404km (저온) 329km";"340";"리튬인산철(73.7kWh)";"080-500-5582";"케이지모빌리티";"대한민국"
34;1;2;"토레스 EVX 18인치";"케이지모빌리티";"car_images/250903_14214633.png";"5인승";"-";"(상온) 452km (저온) 341km";"364";"리튬인산철(80.7kWh)";"080-500-5582";"케이지모빌리티";"대한민국"
35;1;2;"토레스 EVX 20인치";"케이지모빌리티";"car_images/250903_14214634.png";"5인승";"-";"(상온) 436km (저온) 310km";"354";"리튬인산철(80.7kWh)";"080-500-5582";"케이지모빌리티";"대한민국"
36;1;2;"토레스 EVX 2WD 18인치";"케이지모빌리티";"car_images/250903_14214735.png";"5인승";"174km/h";"(상온) 433km (저온) 333km";"373";"리튬인산철(73.4kWh)";"080-500-5582";"케이지모빌리티";"대한민국"
37;1;2;"토레스 EVX 2WD 20인치";"케이지모빌리티";"car_images/250903_14214836.png";"5인승";"174km/h";"(상온) 405km (저온) 284km";"356";"리튬인산철(73.4kWh)";"080-500-5582";"케이지모빌리티";"대한민국"
38;1;4;"Model 3 Long Range";"테슬라코리아";"car_images/250903_14215537.png";"5인승";"201km/h";"(상온) 488km (저온) 389km";"202";"리튬이온(81.65kWh)";"080-617-1388";"Tesla";"중국"
39;1;4;"Model 3 Performance";"테슬라코리아";"car_images/250903_14215638.png";"5인승";"261km/h";"(상온) 430km (저온) 358km";"187";"리튬이온(81.65kWh)";"080-617-1388";"Tesla";"중국"
40;1;4;"Model 3 RWD";"테슬라코리아";"car_images/250903_14215739.png";"5인승";"201km/h";"(상온) 399km (저온) 309km";"186";"리튬인산철(62.1kWh)";"080-617-1388";"Tesla";"중국"
41;1;3;"New Model Y Long Range";"테슬라코리아";"car_images/250903_14215840.png";"5인승";"201km/h";"(상온) 500km (저온) 376km";"207";"리튬이온(81.7kWh)";"080-617-1388";"Tesla";"중국"
42;1;3;"New Model Y RWD";"테슬라코리아";"car_images/250903_14215941.png";"5인승";"201km/h";"(상온) 400km (저온) 302km";"188";"리튬인산철(62.1kWh)";"080-617-1388";"Tesla";"중국"
43;1;2;"아우디 Q4 45 e-tron";"폭스바겐그룹코리아";"car_images/250903_14220642.png";"5인승";"180km/h";"(상온) 406km (저온) 285km";"201";"리튬이온(82.8kWh)";"080-767-2834";"Audi";"독일"
44;1;2;"아우디 Q4 Sportback 45 e-tron";"폭스바겐그룹코리아";"car_images/250903_14220643.png";"5인승";"180km/h";"(상온) 406km (저온) 285km";"201";"리튬이온(82.8kWh)";"080-767-2834";"Audi";"독일"
45;1;2;"아우디 Q6 e-tron performance";"폭스바겐그룹코리아";"car_images/250903_14220744.png";"5인승";"160km/h 초과";"(상온) 468km (저온) 337km";"220";"리튬이온(99.8kWh)";"080-767-2834";"Audi";"독일"
46;1;2;"폭스바겐 ID.4 Pro";"폭스바겐그룹코리아";"car_images/250903_14220845.png";"5인승";"180km/h";"(상온) 424km (저온) 296km";"422";"리튬이온(82.8kWh)";"1577-6905";"Volkswagen";"독일"
47;1;3;"Polestar 4 Long Range Dual Motor 20, 21인치";"폴스타오토모티브코리아";"car_images/250903_14221546.png";"5인승";"200km/h";"(상온) 455km (저온) 402km";"168";"리튬이온(100.1kWh)";"080-360-0100";"Polestar Performance AB";"중국"
48;1;3;"Polestar 4 Long Range Dual Motor 22인치";"폴스타오토모티브코리아";"car_images/250903_14221647.png";"5인승";"200km/h";"(상온) 395km (저온) 371km";"141";"리튬이온(100.1kWh)";"080-360-0100";"Polestar Performance AB";"중국"
49;1;3;"Polestar 4 Long Range Single Motor";"폴스타오토모티브코리아";"car_images/250903_14221748.png";"5인승";"200km/h";"(상온) 511km (저온) 431km";"181";"리튬이온(100.1kWh)";"080-360-0100";"Polestar Performance AB";"중국"
50;1;1;"캐스퍼 일렉트릭 크로스 17인치";"현대자동차";"car_images/250903_14222449.png";"(소형) 4인승";"150km/h";"(상온) 248km (저온) 227km";"500";"리튬이온(49kWh)";"080-500-6000";"현대자동차";"대한민국"
51;1;1;"캐스퍼 일렉트릭 항속형 15인치";"현대자동차";"car_images/250903_14222550.png";"(소형) 4인승";"150km/h";"(상온) 318km (저온) 254km";"500";"리튬이온(49kWh)";"080-500-6000";"현대자동차";"대한민국"
52;1;1;"캐스퍼 일렉트릭 항속형 17인치";"현대자동차";"car_images/250903_14222651.png";"(소형) 4인승";"150km/h";"(상온) 295km (저온) 245km";"500";"리튬이온(49kWh)";"080-500-6000";"현대자동차";"대한민국"
53;1;3;"아이오닉9 항속형 AWD";"현대자동차";"car_images/250903_14222852.png";"7인승";"200km/h";"(상온) 504km (저온) 403km";"276";"리튬이온(110.3kWh)";"080-600-6000";"현대자동차";"대한민국"
54;1;2;"코나 일렉트릭 2WD 롱레인지 17인치";"현대자동차";"car_images/250903_14222853.png";"5인승";"172km/h";"(상온) 419km (저온) 340km";"623";"리튬이온(64.8kWh)";"080-600-6000";"현대자동차";"대한민국"
55;1;2;"코나 일렉트릭 2WD 롱레인지 17인치(빌트인 캠 적용, 미적용)";"현대자동차";"car_images/250903_14222954.png";"5인승";"-";"(상온) 419km (저온) 340km";"623";"리튬이온(64.8kWh)";"080-600-6000";"현대자동차";"대한민국"
56;1;2;"코나 일렉트릭 2WD 롱레인지 19인치(빌트인 캠 적용, 미적용)";"현대자동차";"car_images/250903_14223055.png";"5인승";"172km/h";"(상온) 371km (저온) 307km";"568";"리튬이온(64.8kWh)";"080-600-6000";"현대자동차";"대한민국"
57;1;2;"코나 일렉트릭 2WD 스탠다드 17인치";"현대자동차";"car_images/250903_14223156.png";"5인승";"162km/h";"(상온) 313km (저온) 269km";"573";"리튬이온(48.6kWh)";"080-600-6000";"현대자동차";"대한민국"
58;1;1;"캐스퍼 일렉트릭 기본형 15인치";"현대자동차";"car_images/250903_14223257.png";"(소형) 4인승";"140km/h";"(상온) 281km (저온) 231km";"500";"리튬이온(42.1kWh)";"080-500-6000";"현대자동차";"대한민국"
59;1;4;"아이오닉6 롱레인지 2WD 20인치";"현대자동차";"car_images/250903_14223458.png";"5인승";"185km/h";"(상온) 453km (저온) 386km";"680";"리튬이온(77.4kWh)";"080-600-6000";"현대자동차";"대한민국"
60;1;4;"아이오닉6 롱레인지 AWD 18인치";"현대자동차";"car_images/250903_14223559.png";"5인승";"185km/h";"(상온) 499km (저온) 418km";"686";"리튬이온(77.4kWh)";"080-600-6000";"현대자동차";"대한민국"
61;1;4;"아이오닉6 롱레인지 AWD 20인치";"현대자동차";"car_images/250903_14223560.png";"5인승";"185km/h";"(상온) 430km (저온) 342km";"647";"리튬이온(77.4kWh)";"080-600-6000";"현대자동차";"대한민국"
62;1;4;"아이오닉6 스탠다드 2WD 18인치";"현대자동차";"car_images/250903_14223661.png";"5인승";"185km/h";"(상온) 373km (저온) 294km";"635";"리튬이온(53kWh)";"080-600-6000";"현대자동차";"대한민국"
63;1;3;"아이오닉9 성능형 AWD";"현대자동차";"car_images/250903_14223762.png";"7인승";"200km/h";"(상온) 503km (저온) 420km";"277";"리튬이온(110.3kWh)";"080-600-6000";"현대자동차";"대한민국"
64;1;3;"아이오닉9 항속형 2WD";"현대자동차";"car_images/250903_14223863.png";"7인승";"190km/h";"(상온) 525km (저온) 402km";"279";"리튬이온(110.3kWh)";"080-600-6000";"현대자동차";"대한민국"
65;1;3;"더뉴아이오닉5 2WD 스탠다드 19인치";"현대자동차";"car_images/250903_14224064.png";"5인승";"185km/h";"(상온) 368km (저온) 297km";"561";"리튬이온(63.1kWh)";"080-600-6000";"현대자동차";"대한민국"
66;1;3;"더뉴아이오닉5 AWD 롱레인지 19인치";"현대자동차";"car_images/250903_14224165.png";"5인승";"185km/h";"(상온) 434km (저온) 368km";"650";"리튬이온(83.6kWh)";"080-600-6000";"현대자동차";"대한민국"
67;1;3;"더뉴아이오닉5 AWD 롱레인지 20인치";"현대자동차";"car_images/250903_14224166.png";"5인승";"185km/h";"(상온) 434km (저온) 368km";"624";"리튬이온(83.6kWh)";"080-600-6000";"현대자동차";"대한민국"
68;1;3;"더뉴아이오닉5 AWD 롱레인지 N라인 20인치";"현대자동차";"car_images/250903_14224267.png";"5인승";"185km/h";"(상온) 411km (저온) 343km";"602";"리튬이온(83.6kWh)";"080-600-6000";"현대자동차";"대한민국"
69;1;3;"아이오닉5 N";"현대자동차";"car_images/250903_14224368.png";"5인승";"260km/h";"(상온) 364km (저온) 331km";"232";"리튬이온(84kWh)";"080-600-6000";"현대자동차";"대한민국"
70;1;4;"아이오닉6 롱레인지 2WD 18인치";"현대자동차";"car_images/250903_14224469.png";"5인승";"185km/h";"(상온) 544km (저온) 428km";"686";"리튬이온(77.4kWh)";"080-600-6000";"현대자동차";"대한민국"
71;1;4;"더 뉴 아이오닉6 awd 롱레인지 20인치";"현대자동차";"car_images/250903_14224670.png";"5인승";"185km/h";"(상온) 431km (저온) 382km";"563";"리튬이온(84kWh)";"080-600-6000";"현대자동차";"대한민국"
72;1;4;"더 뉴 아이오닉6 awd 롱레인지 n라인 20인치";"현대자동차";"car_images/250903_14224771.png";"5인승";"185km/h";"(상온) 431km (저온) 382km";"547";"리튬이온(84kWh)";"080-600-6000";"현대자동차";"대한민국"
73;1;3;"더뉴아이오닉5 2WD 롱레인지 19인치";"현대자동차";"car_images/250903_14224872.png";"5인승";"185km/h";"(상온) 462km (저온) 369km";"656";"리튬이온(83.6kWh)";"080-600-6000";"현대자동차";"대한민국"
74;1;3;"더뉴아이오닉5 2WD 롱레인지 19인치 빌트인 캠 미적용";"현대자동차";"car_images/250903_14224873.png";"5인승";"185km/h";"(상온) 462km (저온) 369km";"659";"리튬이온(83.6kWh)";"080-600-6000";"현대자동차";"대한민국"
75;1;3;"더뉴아이오닉5 2WD 롱레인지 20인치";"현대자동차";"car_images/250903_14224974.png";"5인승";"185km/h";"(상온) 462km (저온) 369km";"651";"리튬이온(83.6kWh)";"080-600-6000";"현대자동차";"대한민국"
76;1;3;"더뉴아이오닉5 2WD 롱레인지 N라인 20인치";"현대자동차";"car_images/250903_14225075.png";"5인승";"185km/h";"(상온) 448km (저온) 354km";"633";"리튬이온(83.6kWh)";"080-600-6000";"현대자동차";"대한민국"
77;1;2;"GV60 퍼포먼스 AWD 21인치(2025)";"현대자동차";"car_images/250903_14225276.png";"5인승";"-";"(상온) 385km (저온) 351km";"248";"리튬이온(84.1kWh)";"080-600-6000";"현대자동차";"대한민국"
78;1;4;"더 뉴 아이오닉6 2wd 롱레인지 18인치";"현대자동차";"car_images/250903_14225377.png";"5인승";"185km/h";"(상온) 475km (저온) 432km";"580";"리튬이온(84kWh)";"080-600-6000";"현대자동차";"대한민국"
79;1;4;"더 뉴 아이오닉6 2wd 롱레인지 20인치";"현대자동차";"car_images/250903_14225478.png";"5인승";"185km/h";"(상온) 475km (저온) 432km";"580";"리튬이온(84kWh)";"080-600-6000";"현대자동차";"대한민국"
80;1;4;"더 뉴 아이오닉6 2wd 롱레인지 n라인 20인치";"현대자동차";"car_images/250903_14225479.png";"5인승";"185km/h";"(상온) 475km (저온) 432km";"580";"리튬이온(84kWh)";"080-600-6000";"현대자동차";"대한민국"
81;1;4;"더 뉴 아이오닉6 2wd 스탠다드 18인치";"현대자동차";"car_images/250903_14225580.png";"5인승";"185km/h";"(상온) 442km (저온) 387km";"570";"리튬이온(63kWh)";"080-600-6000";"현대자동차";"대한민국"
82;1;4;"더 뉴 아이오닉6 awd 롱레인지 18인치";"현대자동차";"car_images/250903_14225681.png";"5인승";"185km/h";"(상온) 431km (저온) 382km";"580";"리튬이온(84kWh)";"080-600-6000";"현대자동차";"대한민국"
83;1;2;"GV60 스탠다드 2WD 19인치(2025)";"현대자동차";"car_images/250903_14225882.png";"5인승";"-";"(상온) 491km (저온) 401km";"290";"리튬이온(84.1kWh)";"080-600-6000";"현대자동차";"대한민국"
84;1;2;"GV60 스탠다드 AWD 19인치";"현대자동차";"car_images/250903_14225983.png";"5인승";"200km/h";"(상온) 403km (저온) 378km";"261";"리튬이온(77.4kWh)";"080-600-6000";"현대자동차";"대한민국"
85;1;2;"GV60 스탠다드 AWD 19인치(2025)";"현대자동차";"car_images/250903_14225984.png";"5인승";"-";"(상온) 445km (저온) 382km";"277";"리튬이온(84.1kWh)";"080-600-6000";"현대자동차";"대한민국"
86;1;2;"GV60 스탠다드 AWD 20인치";"현대자동차";"car_images/250903_14230085.png";"5인승";"200km/h";"(상온) 386km (저온) 358km";"251";"리튬이온(77.4kWh)";"080-600-6000";"현대자동차";"대한민국"
87;1;2;"GV60 스탠다드 AWD 20인치(2025)";"현대자동차";"car_images/250903_14230186.png";"5인승";"-";"(상온) 424km (저온) 366km";"266";"리튬이온(84.1kWh)";"080-600-6000";"현대자동차";"대한민국"
88;1;2;"GV60 퍼포먼스 AWD 21인치";"현대자동차";"car_images/250903_14230287.png";"5인승";"235km/h";"(상온) 372km (저온) 302km";"236";"리튬이온(77.4kWh)";"080-600-6000";"현대자동차";"대한민국"
89;1;4;"Electrified G80 AWD 19인치(2025)";"현대자동차";"car_images/250903_14230488.png";"5인승";"225km/h";"(상온) 489km (저온) 380km";"275";"리튬이온(94.6kWh)";"080-600-6000";"현대자동차";"대한민국"
90;1;2;"Electrified GV70 AWD 19인치";"현대자동차";"car_images/250903_14230589.png";"5인승";"235km/h";"(상온) 408km (저온) 353km";"260";"리튬이온(77.4kWh)";"080-600-6000";"현대자동차";"대한민국"
91;1;2;"Electrified GV70 AWD 19인치(2025)";"현대자동차";"car_images/250903_14230590.png";"5인승";"-";"(상온) 423km (저온) 371km";"266";"리튬이온(84.1kWh)";"080-600-6000";"현대자동차";"대한민국"
92;1;2;"Electrified GV70 AWD 20인치";"현대자동차";"car_images/250903_14230691.png";"5인승";"235km/h";"(상온) 376km (저온) 333km";"244";"리튬이온(77.4kWh)";"080-600-6000";"현대자동차";"대한민국"
93;1;2;"Electrified GV70 AWD 20인치(2025)";"현대자동차";"car_images/250903_14230792.png";"5인승";"-";"(상온) 405km (저온) 322km";"250";"리튬이온(84.1kWh)";"080-600-6000";"현대자동차";"대한민국"
94;1;2;"GV60 스탠다드 2WD 19인치";"현대자동차";"car_images/250903_14230893.png";"5인승";"185km/h";"(상온) 470km (저온) 416km";"287";"리튬이온(77.4kWh)";"080-600-6000";"현대자동차";"대한민국"
95;1;2;"iX1 xDrive30";"BMW";"car_images/250903_14231594.png";"5인승";"180km/h";"(상온) 313km (저온) 268km";"154";"리튬이온(66.4kWh)";"080-700-8000";"BMW";"독일"
96;1;2;"iX2 eDrive20";"BMW";"car_images/250903_14231695.png";"5인승";"-";"(상온) 358km (저온) 275km";"167";"리튬이온(66.4kWh)";"080-700-8000";"BMW";"독일"
97;1;3;"MINI JCW E";"BMW";"car_images/250903_14231896.png";"4인승";"200km/h";"(상온)303km (저온)243km";"147";"리튬이온(54.2kWh)";"080-700-8000";"BMW";"중국"
98;1;4;"i4 M50";"BMW";"car_images/250903_14231897.png";"5인승";"225km/h";"(상온) 385km (저온) 295km";"172";"리튬이온(83.9kWh)";"080-700-8000";"BMW";"독일"
99;1;4;"i4 M50 LCI";"BMW";"car_images/250903_14231998.png";"5인승";"-";"(상온) 406km (저온) 318km";"177";"리튬이온(83.9kWh)";"080-700-8000";"BMW";"독일"
100;1;4;"i4 eDrive40";"BMW";"car_images/250903_14232099.png";"5인승";"190km/h";"(상온) 444km (저온) 327km";"189";"리튬이온(83.9kWh)";"080-700-8000";"BMW";"독일"
101;1;4;"i4 eDrive40 LCI";"BMW";"car_images/250903_142321100.png";"5인승";"-";"(상온) 439km (저온) 331km";"187";"리튬이온(83.9kWh)";"080-700-8000";"BMW";"독일"
102;1;2;"iX1 eDrive 20";"BMW";"car_images/250903_142322101.png";"5인승";"180km/h";"(상온) 354km (저온) 288km";"166";"리튬이온(66.4kWh)";"080-700-8000";"BMW";"독일"
103;1;3;"MINI Aceman E";"BMW";"car_images/250903_142324102.png";"5인승";"170km/h";"(상온)322km (저온)243km";"306";"리튬이온(54.2kWh)";"080-700-8000";"BMW";"중국"
104;1;3;"MINI Aceman SE";"BMW";"car_images/250903_142324103.png";"5인승";"-";"(상온) 322km (저온) 243km";"306";"리튬이온(54.2kWh)";"080-700-8000";"BMW";"중국"
105;1;3;"MINI Cooper SE";"BMW";"car_images/250903_142325104.png";"4인승";"170km/h";"(상온)320km (저온)241km";"303";"리튬이온(54.2kWh)";"080-700-8000";"BMW";"중국"
106;1;2;"MINI Countryman E";"BMW";"car_images/250903_142326105.png";"5인승";"-";"(상온) 367km (저온) 286km";"166";"리튬이온(66.4kWh)";"080-700-8000";"BMW";"독일"
107;1;2;"MINI Countryman SE ALL4";"BMW";"car_images/250903_142327106.png";"5인승";"-";"(상온) 344km (저온) 268km";"158";"리튬이온(66.4kWh)";"080-700-8000";"BMW";"독일"
108;1;3;"MINI JCW Aceman E";"BMW";"car_images/250903_142328107.png";"5인승";"200km/h";"(상온)315km (저온)249km";"151";"리튬이온(54.2kWh)";"080-700-8000";"BMW";"중국"
109;1;5;"봉고 전기차 하이 양문형 미닫이탑차(25MY)";"기아";"car_images/250903_142336108.png";"(소형) 3인승";"115km/h";"(상온) 185km (저온) 151km";"856";"리튬이온(60.4kWh)";"080-200-2000";"기아";"대한민국"
110;1;5;"봉고 전기차 하이내장탑차";"기아";"car_images/250903_142337109.png";"(소형) 3인승";"115km/h";"(상온) 181km (저온) 152km";"849";"리튬이온(58.86kWh)";"080-200-2000";"기아";"대한민국"
111;1;5;"봉고 전기차 하이내장탑차(25MY)";"기아";"car_images/250903_142337110.png";"(소형) 3인승";"115km/h";"(상온) 185km (저온) 151km";"856";"리튬이온(60.4kWh)";"080-200-2000";"기아";"대한민국"
112;1;5;"봉고 전기차(25MY)";"기아";"car_images/250903_142338111.png";"(소형) 3인승";"115km/h";"(상온) 233km (저온) 189km";"1000";"리튬이온(60.4kWh)";"080-200-2000";"기아";"대한민국"
113;1;5;"봉고 전기차 양문형 미닫이탑차";"기아";"car_images/250903_142340112.png";"(소형) 3인승";"115km/h";"(상온) 181km (저온) 152km";"849";"리튬이온(58.86kWh)";"080-200-2000";"기아";"대한민국"
114;1;5;"봉고 전기차 저상형 냉동탑차";"기아";"car_images/250903_142341113.png";"(소형) 3인승";"115km/h";"(상온) 181km (저온) 152km";"1199";"리튬이온(58.86kWh)";"080-200-2000";"기아";"대한민국"
115;1;5;"봉고 전기차 전동식 윙바디";"기아";"car_images/250903_142342114.png";"(소형) 3인승";"115km/h";"(상온) 181km (저온) 152km";"849";"리튬이온(58.86kWh)";"080-200-2000";"기아";"대한민국"
116;1;5;"봉고 전기차 전동식 윙바디(25MY)";"기아";"car_images/250903_142343115.png";"(소형) 3인승";"115km/h";"(상온) 185km (저온) 151km";"856";"리튬이온(60.4kWh)";"080-200-2000";"기아";"대한민국"
117;1;5;"봉고 전기차 턴인형 파워게이트";"기아";"car_images/250903_142343116.png";"(소형) 3인승";"115km/h";"(상온) 181km (저온) 152km";"849";"리튬이온(58.86kWh)";"080-200-2000";"기아";"대한민국"
118;1;5;"봉고 전기차 턴인형 파워게이트(25MY)";"기아";"car_images/250903_142344117.png";"(소형) 3인승";"115km/h";"(상온) 185km (저온) 151km";"856";"리튬이온(60.4kWh)";"080-200-2000";"기아";"대한민국"
119;1;5;"봉고 전기차 로우내장탑차(25MY)";"기아";"car_images/250903_142346118.png";"(소형) 3인승";"115km/h";"(상온) 185km (저온) 151km";"856";"리튬이온(60.4kWh)";"080-200-2000";"기아";"대한민국"
120;1;5;"봉고 전기차 로우냉동탑차(25MY)";"기아";"car_images/250903_142347119.png";"(소형) 3인승";"115km/h";"(상온) 185km (저온) 151km";"1206";"리튬이온(60.4kWh)";"080-200-2000";"기아";"대한민국"
121;1;5;"봉고 전기차 수동식 윙바디";"기아";"car_images/250903_142348120.png";"(소형) 3인승";"115km/h";"(상온) 181km (저온) 152km";"849";"리튬이온(58.86kWh)";"080-200-2000";"기아";"대한민국"
122;1;5;"봉고 전기차 수동식 윙바디(25MY)";"기아";"car_images/250903_142349121.png";"(소형) 3인승";"115km/h";"(상온) 185km (저온) 151km";"856";"리튬이온(60.4kWh)";"080-200-2000";"기아";"대한민국"
123;1;5;"봉고 전기차 수직형 파워게이트";"기아";"car_images/250903_142349122.png";"(소형) 3인승";"115km/h";"(상온) 181km (저온) 152km";"849";"리튬이온(58.86kWh)";"080-200-2000";"기아";"대한민국"
124;1;5;"봉고 전기차 수직형 파워게이트(25MY)";"기아";"car_images/250903_142350123.png";"(소형) 3인승";"115km/h";"(상온) 185km (저온) 151km";"856";"리튬이온(60.4kWh)";"080-200-2000";"기아";"대한민국"
125;1;5;"봉고 전기차 내장탑차(25MY)";"기아";"car_images/250903_142352124.png";"(소형) 3인승";"115km/h";"(상온) 185km (저온) 151km";"856";"리튬이온(60.4kWh)";"080-200-2000";"기아";"대한민국"
126;1;5;"봉고 전기차 냉동탑차";"기아";"car_images/250903_142353125.png";"(소형) 3인승";"115km/h";"(상온) 181km (저온) 152km";"1199";"리튬이온(58.86kWh)";"080-200-2000";"기아";"대한민국"
127;1;5;"봉고 전기차 냉동탑차(25MY)";"기아";"car_images/250903_142354126.png";"(소형) 3인승";"115km/h";"(상온) 185km (저온) 151km";"1206";"리튬이온(60.4kWh)";"080-200-2000";"기아";"대한민국"
128;1;5;"봉고 전기차 로우 양문형 미닫이탑차";"기아";"car_images/250903_142355127.png";"(소형) 3인승";"115km/h";"(상온) 181km (저온) 152km";"849";"리튬이온(58.86kWh)";"080-200-2000";"기아";"대한민국"
129;1;5;"봉고 전기차 로우 양문형 미닫이탑차(25MY)";"기아";"car_images/250903_142355128.png";"(소형) 3인승";"115km/h";"(상온) 185km (저온) 151km";"856";"리튬이온(60.4kWh)";"080-200-2000";"기아";"대한민국"
130;1;5;"봉고 전기차 로우내장탑차";"기아";"car_images/250903_142356129.png";"(소형) 3인승";"115km/h";"(상온) 181km (저온) 152km";"849";"리튬이온(58.86kWh)";"080-200-2000";"기아";"대한민국"
131;1;5;"PV5 카고 롱 롱레인지 3도어";"기아";"car_images/250903_142358130.png";"2인승";"135km/h";"(상온) 378km (저온) 316km";"1150";"리튬이온(71.2kWh)";"080-200-2000";"기아 주식회사";"대한민국"
132;1;5;"PV5 카고 롱 롱레인지 4도어";"기아";"car_images/250903_142359131.png";"2인승";"135km/h";"(상온) 378km (저온) 316km";"1150";"리튬이온(71.2kWh)";"080-200-2000";"기아 주식회사";"대한민국"
133;1;5;"PV5 카고 롱 스탠다드 3도어";"기아";"car_images/250903_142400132.png";"2인승";"135km/h";"(상온) 280km (저온) 231km";"1100";"리튬이온(51.5kWh)";"080-200-2000";"기아 주식회사";"대한민국"
134;1;5;"PV5 카고 롱 스탠다드 4도어";"기아";"car_images/250903_142401133.png";"2인승";"135km/h";"(상온) 271km (저온) 218km";"1000";"리튬이온(51.5kWh)";"080-200-2000";"기아 주식회사";"대한민국"
135;1;5;"봉고 전기차";"기아";"car_images/250903_142402134.png";"(소형) 3인승";"115km/h";"(상온) 220km (저온) 172km";"1135";"리튬이온(58.86kWh)";"080-200-2000";"기아";"대한민국"
136;1;5;"봉고 전기차 내장탑차";"기아";"car_images/250903_142403135.png";"(소형) 3인승";"115km/h";"(상온) 181km (저온) 152km";"849";"리튬이온(58.86kWh)";"080-200-2000";"기아";"대한민국"
137;1;5;"포트로-탑S";"디피코";"car_images/250903_142410136.png";"(경형-초소형) 2인승";"70km/h";"(상온) 75.7km (저온) 73.5km";"380";"리튬이온폴리머(15.03kWh)";"033-340-4800";"디피코";"대한민국"
138;1;5;"포트로-픽업S";"디피코";"car_images/250903_142411137.png";"(경형-초소형) 2인승";"70km/h";"(상온) 75.7km (저온) 73.5km";"380";"리튬이온폴리머(15.03kWh)";"033-340-4800";"디피코";"대한민국"
139;1;5;"포트로350L-탑";"디피코";"car_images/250903_142412138.png";"(경형-일반형) 2인승";"100km/h";"(상온) 91km (저온) 87km";"608";"리튬이온(30.24kWh)";"033-340-4800";"디피코";"대한민국"
140;1;5;"포트로350L-픽업";"디피코";"car_images/250903_142413139.png";"(경형-일반형) 2인승";"100km/h";"(상온) 91km (저온) 87km";"608";"리튬이온(30.24kWh)";"033-340-4800";"디피코";"대한민국"
141;1;5;"e-TOVI";"루트17";"car_images/250903_142420140.png";"(경형-일반형) 2인승";"90km/h";"(상온) 155km (저온) 116km";"319";"리튬인산철(29.7kWh)";"070-4179-7172";"류저우우링자동차공업";"중국"
142;1;5;"다니고C(0.8톤 전기트럭)";"루트17";"car_images/250903_142421141.png";"(소형) 2인승";"100km/h";"(상온) 214km (저온) 202km";"1033";"리튬이온(57.9kWh)";"070-4179-7172";"루트17";"대한민국"
143;1;5;"MASTA HIM(MEV-PU3)";"마스타전기차";"car_images/250903_142428142.png";"(경형-초소형) 2인승";"72km/h";"(상온) 68km (저온) -";"380";"리튬이온(12.96kWh)";"1661-2500";"마스타전기차";"대한민국"
144;1;5;"MASTA HIM(MEV-PU4)";"마스타전기차";"car_images/250903_142429143.png";"(경형-초소형) 2인승";"72km/h";"(상온) 68.0km (저온) -";"380";"리튬이온(12.96kWh)";"1661-2500";"마스타전기차";"대한민국"
145;1;5;"MASTA VAN";"마스타전기차";"car_images/250903_142430144.png";"(경형-초소형) 2인승";"68km/h";"(상온) 62km (저온) -";"380";"리튬이온(10.36kWh)";"1661-2500";"마스타전기차";"대한민국"
146;1;5;"SE-A2밴";"모빌리티네트웍스";"car_images/250903_142437145.png";"(소형) 2인승";"110km/h";"(상온) 182km (저온) 155km";"347";"리튬인산철(41.86kWh)";"1522-7480";"지리사천상용자동차";"중국"
147;1;5;"E-CV1";"센트로에이케이";"car_images/250903_142444146.png";"(소형) 2인승";"90km/h";"(상온) 186km (저온) 145km";"398";"리튬인산철(41.9kWh)";"070-8657-0905";"Shanxi Victory Automobile";"중국"
148;1;5;"젤라";"에스에스라이트";"car_images/250903_142451147.png";"(소형) 2인승";"92km/h";"(상온) 184km (저온) 153km";"292";"리튬인산철(66.84kWh)";"1644-7752";"Dongfeng";"중국"
149;1;5;"젤라 P200";"에스에스라이트";"car_images/250903_142452148.png";"(소형) 5인승";"110km/h";"(상온) 285km (저온) 258km";"530";"리튬인산철(77.28kWh)";"1644-7752";"장조우닛산자동차";"중국"
150;1;5;"오텍봉고Ⅲ EV 냉동탑차";"오텍";"car_images/250903_142459149.png";"(소형) 3인승";"113km/h";"(상온) 165km (저온) 141km";"1054";"리튬이온폴리머(58.9kWh)";"041-339-3300";"오텍";"대한민국"
151;1;5;"STEGO-Z";"이브이앤솔루션";"car_images/250903_142506150.png";"(소형) 2인승";"80km/h";"(상온) 144km (저온) 144km";"513";"리튬인산철(41.8kWh)";"070-8028-3180";"Xiamen Kinglong United";"중국"
152;1;5;"MASADA 4밴(NCM)";"이브이케이엠씨";"car_images/250903_142513151.png";"(소형) 4인승";"90km/h";"(상온) 189km (저온) 165km";"828";"리튬이온(40.8kWh)";"02-553-9866";"동풍소콘";"중국"
153;1;5;"MASADA 픽업";"이브이케이엠씨";"car_images/250903_142514152.png";"(소형) 2인승";"100km/h";"(상온) 143km (저온) 117km";"263";"리튬인산철(38.7kWh)";"02-553-9866";"동풍소콘";"중국"
154;1;5;"EC35 2밴";"이브이케이엠씨";"car_images/250903_142516153.png";"(소형) 2인승";"100km/h";"(상온) 145km (저온) 128km";"173";"리튬인산철(38.7kWh)";"02-553-9866";"이브이케이엠씨";"대한민국"
155;1;5;"MASADA 2밴";"이브이케이엠씨";"car_images/250903_142517154.png";"(소형) 2인승";"100km/h";"(상온) 169km (저온) 142km";"261";"리튬인산철(38.7kWh)";"02-553-9866";"동풍소콘";"중국"
156;1;5;"MASADA 2밴(NCM)";"이브이케이엠씨";"car_images/250903_142517155.png";"(소형) 2인승";"90km/h";"(상온) 189km (저온) 165km";"900";"리튬이온(40.8kWh)";"02-553-9866";"동풍소콘";"중국"
157;1;5;"MASADA 3세대 2밴";"이브이케이엠씨";"car_images/250903_142518156.png";"(소형) 2인승";"100km/h";"(상온) 158km (저온) 133km";"240";"리튬인산철(38.7kWh)";"02-553-9866";"동풍소콘";"중국"
158;1;5;"MASADA 3세대 4밴";"이브이케이엠씨";"car_images/250903_142519157.png";"(소형) 4인승";"100km/h";"(상온) 158km (저온) 133km";"217";"리튬인산철(38.7kWh)";"02-553-9866";"동풍소콘";"중국"
159;1;5;"MASADA 4밴";"이브이케이엠씨";"car_images/250903_142520158.png";"(소형) 4인승";"100km/h";"(상온) 169km (저온) 142km";"237";"리튬인산철(38.7kWh)";"02-553-9866";"동풍소콘";"중국"
160;1;5;"일진무시동전기냉동탑차(ST1)";"일진정공";"car_images/250903_142533159.png";"(소형) 2인승";"120km/h";"(상온)295km (저온)210km";"1550";"리튬이온(76.2kWh)";"031-376-9012";"현대자동차(주)";"대한민국"
161;1;5;"일진무시동전기냉동탑차(봉고)";"일진정공";"car_images/250903_142534160.png";"(소형) 3인승";"115km/h";"(상온) 200km (저온) 159km";"1220";"리튬이온폴리머(58.86kWh)";"031-376-9012";"일진정공";"대한민국"
162;1;5;"일진무시동전기냉동탑차(포터)";"일진정공";"car_images/250903_142535161.png";"(소형) 3인승";"115km/h";"(상온) 197km (저온) 163km";"1186";"리튬이온폴리머(58.86kWh)";"031-376-9012";"일진정공";"대한민국"
163;1;5;"일진무시동전기탑차(ST1)";"일진정공";"car_images/250903_142536162.png";"(소형) 2인승";"120km/h";"(상온) 277km (저온) 239km";"1100";"리튬이온 (76.2kWh)";"031-376-9012";"현대자동차(주)";"대한민국"
164;1;5;"이티밴 엑스";"제이스모빌리티";"car_images/250903_142543163.png";"4인승";"90km/h";"(상온) 303km (저온) 263km";"1080";"리튬이온(45.81kWh)";"1533-8816";"Brilliance Shineray";"중국"
165;1;5;"이티밴 프로";"제이스모빌리티";"car_images/250903_142544164.png";"(소형) 2인승";"90km/h(기본 모드)";"(상온) 325km (저온) 269km";"482";"리튬인산철(53.6kWh)";"1533-8816";"Brilliance Shineray";"중국"
166;1;5;"이티4밴";"제이스모빌리티";"car_images/250903_142546165.png";"(소형) 4인승";"95km/h";"(상온) 216km (저온) 192km";"283";"리튬인산철(41.9kWh)";"1533-8816";"Brilliance Shineray";"중국"
167;1;5;"이티4밴 미니";"제이스모빌리티";"car_images/250903_142546166.png";"(소형) 4인승";"90km/h(기본 모드)";"(상온) 273km (저온) 225km";"320";"리튬인산철(41.9kWh)";"1533-8816";"Brilliance Shineray";"중국"
168;1;5;"이티4밴 엑스(2025)";"제이스모빌리티";"car_images/250903_142547167.png";"4인승";"90km/h";"(상온) 303km (저온) 263km";"1080";"리튬이온(45.81kWh)";"1533-8816";"Brilliance Shineray";"중국"
169;1;5;"이티4밴 프로";"제이스모빌리티";"car_images/250903_142548168.png";"(소형) 4인승";"90km/h(기본 모드)";"(상온) 325km (저온) 269km";"482";"리튬인산철(53.6kWh)";"1533-8816";"Brilliance Shineray";"중국"
170;1;5;"이티밴";"제이스모빌리티";"car_images/250903_142549169.png";"(소형) 2인승";"95km/h";"(상온) 216km (저온) 192km";"300";"리튬인산철(41.9kWh)";"1533-8816";"Brilliance Shineray";"중국"
171;1;5;"이티밴 미니";"제이스모빌리티";"car_images/250903_142550170.png";"(소형) 2인승";"90km/h(기본 모드)";"(상온) 273km (저온) 225km";"320";"리튬인산철(41.9kWh)";"1533-8816";"Brilliance Shineray";"중국"
172;1;5;"MUSSO EV 2WD 17인치";"케이지모빌리티";"car_images/250903_142557171.png";"(소형) 5인승";"162km/h";"(상온) 401km (저온) 357km";"652";"리튬인산철(80.7kWh)";"080-500-5582";"케이지모빌리티";"대한민국"
173;1;5;"MUSSO EV AWD 17인치";"케이지모빌리티";"car_images/250903_142558172.png";"(소형) 5인승";"177km/h";"(상온) 342km (저온) 297km";"630";"리튬인산철(80.7kWh)";"080-500-5582";"케이지모빌리티";"대한민국"
174;1;5;"토레스 EVX VAN 18인치";"케이지모빌리티";"car_images/250903_142559173.png";"(소형) 2인승";"174km/h";"(상온) 411km (저온) 280km";"358";"리튬인산철(73.7kWh)";"080-500-5582";"케이지모빌리티";"대한민국"
175;1;5;"토레스 EVX VAN 20인치";"케이지모빌리티";"car_images/250903_142559174.png";"(소형) 2인승";"174km/h";"(상온) 400km (저온) 286km";"355";"리튬인산철(73.7kWh)";"080-500-5582";"케이지모빌리티";"대한민국"
176;1;5;"토레스 EVX 밴 18인치";"케이지모빌리티";"car_images/250903_142600175.png";"(소형) 2인승";"180km/h";"(상온) 430km (저온) 354km";"358";"리튬인산철(80.7kWh)";"080-500-5582";"케이지모빌리티";"대한민국"
177;1;5;"토레스 EVX 밴 20인치";"케이지모빌리티";"car_images/250903_142601176.png";"(소형) 2인승";"180km/h";"(상온) 421km (저온) 355km";"354";"리튬인산철(80.7kWh)";"080-500-5582";"케이지모빌리티";"대한민국"
178;1;5;"봉고3ev PEACE 더블캡";"파워프라자";"car_images/250903_142608177.png";"(소형) 6인승";"110km/h";"(상온) 93.8km (저온) 107.2km";"420";"리튬이온(40.04kWh)";"02-855-4955";"파워프라자";"대한민국"
179;1;5;"SW40";"파츠몰에이투지";"car_images/250903_142615178.png";"(소형) 2인승";"100km/h";"(상온) 224km (저온) 192km";"370";"리튬인산철(53.4kWh)";"1588-6389";"Zhejiang Newgonow Automobile";"중국"
180;1;5;"썬라이즈-T01";"피닉스코리아";"car_images/250903_142622179.png";"(소형) 2인승";"90km/h";"(상온) 204km (저온) 195km";"304";"리튬인산철(50.1kWh)";"031-298-8120";"상해만상기차";"중국"
181;1;5;"한국쓰리축1톤롱바디EV트럭(봉고)";"한국쓰리축";"car_images/250903_142629180.png";"(소형) 3인승";"-";"(상온) 186km (저온) 150km";"851";"리튬이온폴리머(58.8kWh)";"061-390-8700";"한국쓰리축";"대한민국"
182;1;5;"한국쓰리축1톤롱바디EV트럭(포터)";"한국쓰리축";"car_images/250903_142630181.png";"(소형) 3인승";"-";"(상온) 190km (저온) 147km";"869";"리튬이온폴리머(58.8kWh)";"061-390-8700";"한국쓰리축";"대한민국"
183;1;5;"포터Ⅱ 일렉트릭 하이내장탑차";"현대자동차";"car_images/250903_142638182.png";"(소형) 3인승";"115km/h";"(상온) 179km (저온) 150km";"840";"리튬이온(58.86kWh)";"080-200-6000";"현대자동차";"대한민국"
184;1;5;"포터Ⅱ 일렉트릭 하이내장탑차(25MY)";"현대자동차";"car_images/250903_142639183.png";"(소형) 3인승";"115km/h";"(상온) 175km (저온) 141km";"812";"리튬이온(60.4kWh)";"080-200-6000";"현대자동차";"대한민국"
185;1;5;"포터Ⅱ 일렉트릭(24MY)";"현대자동차";"car_images/250903_142640184.png";"(소형) 3인승";"115km/h";"(상온) 220km (저온) 173km";"1110";"리튬이온(58.86kWh)";"080-200-6000";"현대자동차";"대한민국"
186;1;5;"포터Ⅱ 일렉트릭(25MY)";"현대자동차";"car_images/250903_142641185.png";"(소형) 3인승";"115km/h";"(상온) 220km (저온) 190km";"1060";"리튬이온(60.4kWh)";"080-200-6000";"현대자동차";"대한민국"
187;1;5;"포터Ⅱ 일렉트릭 윙바디";"현대자동차";"car_images/250903_142643186.png";"(소형) 3인승";"115km/h";"(상온) 179km (저온) 150km";"840";"리튬이온(58.86kWh)";"080-200-6000";"현대자동차";"대한민국"
188;1;5;"포터Ⅱ 일렉트릭 저상내장탑차";"현대자동차";"car_images/250903_142643187.png";"(소형) 3인승";"115km/h";"(상온) 179km (저온) 150km";"840";"리튬이온(58.86kWh)";"080-200-6000";"현대자동차";"대한민국"
189;1;5;"포터Ⅱ 일렉트릭 저상내장탑차(25MY)";"현대자동차";"car_images/250903_142644188.png";"(소형) 3인승";"115km/h";"(상온) 175km (저온) 141km";"812";"리튬이온(60.4kWh)";"080-200-6000";"현대자동차";"대한민국"
190;1;5;"포터Ⅱ 일렉트릭 전동식 윙바디(25MY)";"현대자동차";"car_images/250903_142645189.png";"(소형) 3인승";"115km/h";"(상온) 175km (저온) 141km";"812";"리튬이온(60.4kWh)";"080-200-6000";"현대자동차";"대한민국"
191;1;5;"포터Ⅱ 일렉트릭 파워게이트";"현대자동차";"car_images/250903_142646190.png";"(소형) 3인승";"115km/h";"(상온) 179km (저온) 150km";"840";"리튬이온(58.86kWh)";"080-200-6000";"현대자동차";"대한민국"
192;1;5;"포터Ⅱ 일렉트릭 파워게이트(25MY)";"현대자동차";"car_images/250903_142647191.png";"(소형) 3인승";"115km/h";"(상온) 175km (저온) 141km";"812";"리튬이온(60.4kWh)";"080-200-6000";"현대자동차";"대한민국"
193;1;5;"ST1 기본형 카고 17인치";"현대자동차";"car_images/250903_142649192.png";"(소형) 2인승";"120km/h";"(상온) 317km (저온) 214km";"1200";"리튬이온(75.8kWh)";"080-200-6000";"현대자동차";"대한민국"
194;1;5;"ST1 기본형 카고 냉동 17인치";"현대자동차";"car_images/250903_142650193.png";"(소형) 2인승";"120km/h";"(상온) 298km (저온) 214km";"1550";"리튬이온(75.8kWh)";"080-200-6000";"현대자동차";"대한민국"
195;1;5;"ST1 기본형 하이탑 17인치";"현대자동차";"car_images/250903_142650194.png";"(소형) 2인승";"120km/h";"(상온) 289km (저온) 216km";"1200";"리튬이온(75.8kWh)";"080-200-6000";"현대자동차";"대한민국"
196;1;5;"포터Ⅱ 일렉트릭 내장탑차";"현대자동차";"car_images/250903_142651195.png";"(소형) 3인승";"115km/h";"(상온) 179km (저온) 150km";"840";"리튬이온(58.86kWh)";"080-200-6000";"현대자동차";"대한민국"
197;1;5;"포터Ⅱ 일렉트릭 내장탑차(25MY)";"현대자동차";"car_images/250903_142652196.png";"(소형) 3인승";"115km/h";"(상온) 175km (저온) 141km";"812";"리튬이온(60.4kWh)";"080-200-6000";"현대자동차";"대한민국"
198;1;5;"포터Ⅱ 일렉트릭 수동식 윙바디(25MY)";"현대자동차";"car_images/250903_142653197.png";"(소형) 3인승";"115km/h";"(상온) 175km (저온) 141km";"812";"리튬이온(60.4kWh)";"080-200-6000";"현대자동차";"대한민국"
199;1;5;"T4K";"GS글로벌";"car_images/250903_142700198.png";"(소형) 2인승";"120km/h";"(상온) 246km (저온) 209km";"376";"리튬인산철(82.02kWh)";"02-2005-5534";"BYD";"중국"
200;1;5;"T4K 냉동탑차";"GS글로벌";"car_images/250903_142701199.png";"(소형) 2인승";"120km/h";"(상온) 205km (저온) 164km";"634";"리튬인산철(81.9kWh)";"02-2005-5534";"GS글로벌";"대한민국"
201;1;6;"E-SKY 11";"범한자동차";"car_images/250903_142715200.png";"(대형) 55인승";"80km/h";"425.2km";"1940";"리튬인산철(350.32kWh)";"02-558-9433";"황해자동차";"중국"
202;1;6;"E-SKY 9";"범한자동차";"car_images/250903_142716201.png";"(대형) 43인승";"80km/h";"405km";"1956";"리튬인산철(281.81kWh)";"02-558-9433";"황해자동차";"중국"
203;1;6;"E-STAR 11";"범한자동차";"car_images/250903_142717202.png";"(대형) 55인승";"80km/h";"441km";"1968";"리튬인산철(350.3kWh)";"02-558-9433";"범한자동차";"대한민국"
204;1;6;"E-STAR 12i";"범한자동차";"car_images/250903_142718203.png";"(대형) 46인승";"80km/h";"546km";"2280";"리튬인산철(350kWh)";"02-558-9433";"범한자동차";"대한민국"
205;1;6;"E-STAR 8V1";"범한자동차";"car_images/250903_142719204.png";"(대형) 49인승";"80km/h";"398km";"1678";"리튬인산철(281.8kWh)";"02-558-9433";"범한자동차";"대한민국"
206;1;6;"트라베리-Y540E";"쏠테로";"car_images/250903_142726205.png";"(중형) 14인승";"100km/h";"358km";"1499";"리튬인산철(100.8kWh)";"031-723-0327";"Weichai";"중국"
207;1;6;"트라베리-Y550E";"쏠테로";"car_images/250903_142726206.png";"(중형) 15인승";"100km/h";"358km";"1502";"리튬인산철(100.8kWh)";"031-723-0327";"Weichai";"중국"
208;1;6;"트라베리-Y560E";"쏠테로";"car_images/250903_142727207.png";"(중형) 16인승";"100km/h";"358km";"1505";"리튬인산철(100.8kWh)";"031-723-0327";"Weichai";"중국"
209;1;6;"트라베리-키즈(어린이)";"쏠테로";"car_images/250903_142728208.png";"(중형) 15인승";"100km/h";"358km";"2966";"리튬인산철(100.8kWh)";"031-723-0327";"Weichai";"중국"
210;1;6;"아이버스아폴로1200어린이운송차";"아이버스";"car_images/250903_142735209.png";"(대형) 42인승";"110km/h";"403km";"9590";"리튬이온(342.1kWh)";"1544-0547";"아이버스";"대한민국"
211;1;6;"아이버스어린이운송차";"아이버스";"car_images/250903_142736210.png";"(대형) 39인승";"110km/h";"458km";"8766";"리튬이온폴리머(347kWh)";"1544-0547";"아이버스";"대한민국"
212;1;6;"세레온(마을)";"에빅오토모티브코리아";"car_images/250903_142743211.png";"(중형) 15인승";"100km/h";"390km";"4930";"리튬이온(124.2kWh)";"070-4106-8817";"Xi'An Silverbus";"중국"
213;1;6;"세레온(어린이)";"에빅오토모티브코리아";"car_images/250903_142744212.png";"(중형) 20인승";"100km/h";"390km";"9892";"리튬이온(124.2kWh)";"070-4106-8817";"Xi'An Silverbus";"중국"
214;1;6;"아폴로1200-S42";"우진산전";"car_images/250903_142751213.png";"(대형) 42인승";"110km/h";"502km";"7000";"리튬이온(342.1kWh)";"043-210-0901";"우진산전";"대한민국"
215;1;6;"아폴로900 V2.0";"우진산전";"car_images/250903_142752214.png";"(대형) 41인승";"83km/h";"374km";"5671";"리튬이온(266.9kWh)";"043-210-0901";"우진산전";"대한민국"
216;1;6;"아폴로1100 V2.0";"우진산전";"car_images/250903_142754215.png";"(대형) 51인승";"83km/h";"396km";"5908";"리튬이온(301.8kWh)";"043-210-0901";"우진산전";"대한민국"
217;1;6;"아폴로1100전기버스 23MY";"우진산전";"car_images/250903_142755216.png";"(대형) 51인승";"83km/h";"412km";"6149";"리튬이온(301.7kWh)";"043-210-0901";"우진산전";"대한민국"
218;1;6;"아폴로1200-B29";"우진산전";"car_images/250903_142756217.png";"(대형) 29인승";"110km/h";"450km";"6439";"리튬이온(342.1kWh)";"043-210-0901";"Anhui Ankai";"중국"
219;1;6;"아폴로1200-B42";"우진산전";"car_images/250903_142757218.png";"(대형) 42인승";"110km/h";"450km";"6436";"리튬이온(342.1kWh)";"043-210-0901";"Anhui Ankai";"중국"
220;1;6;"아폴로1200-B43";"우진산전";"car_images/250903_142758219.png";"(대형) 43인승";"110km/h";"450km";"6440";"리튬이온(342.1kWh)";"043-210-0901";"Anhui Ankai";"중국"
221;1;6;"아폴로1200-S29";"우진산전";"car_images/250903_142759220.png";"(대형) 29인승";"110km/h";"502km";"6999";"리튬이온(342.1kWh)";"043-210-0901";"우진산전";"대한민국"
222;1;6;"윙윙트라베리어린이운송차";"윙윙시스템";"car_images/250903_142806221.png";"21인승";"100km/h";"(상온) 361km";"2963";"리튬인산철(100.9kWh)";"1577-6975";"NULL";"중국"
223;1;6;"에픽시티(LFP)";"이엠코리아";"car_images/250903_142813222.png";"(대형) 46인승";"80km/h";"428km";"1990";"리튬인산철(349.7kWh)";"070-4496-4641";"Heng Yang";"중국"
224;1;6;"에픽시티(NCM)";"이엠코리아";"car_images/250903_142814223.png";"(대형) 52인승";"80km/h";"428km";"5931";"리튬이온폴리머(347.3kWh)";"070-4496-4641";"Heng Yang";"중국"
225;1;6;"에픽타운(LFP)";"이엠코리아";"car_images/250903_142815224.png";"(대형) 43인승";"80km/h";"352km";"1724";"리튬인산철(281.9kWh)";"070-4496-4641";"Heng Yang";"중국"
226;1;6;"에픽타운(NCM)";"이엠코리아";"car_images/250903_142816225.png";"(대형) 41인승";"80km/h";"351km";"5296";"리튬이온폴리머(260.5kWh)";"070-4496-4641";"Heng Yang";"중국"
227;1;6;"KGC090";"케이지모빌리티커머셜";"car_images/250903_142823226.png";"(대형) 42인승";"90km/h";"377km";"6015";"리튬이온(258.7kWh)";"055-960-3420";"케이지모빌리티커머셜";"대한민국"
228;1;6;"SMART 110(301kWh)";"케이지모빌리티커머셜";"car_images/250903_142823227.png";"(대형) 46인승";"90km/h";"419km";"6445";"리튬이온(301.8kWh)";"055-960-3420";"케이지모빌리티커머셜";"대한민국"
229;1;6;"SMART 110E(260kWh)";"케이지모빌리티커머셜";"car_images/250903_142824228.png";"(대형) 35인승";"110km/h";"370km";"5260";"리튬이온폴리머(260.9kWh)";"055-960-3420";"케이지모빌리티커머셜";"대한민국"
230;1;6;"SMART 110E(347kWh)";"케이지모빌리티커머셜";"car_images/250903_142825229.png";"(대형) 39인승";"110km/h";"475.3km";"5724";"리튬이온폴리머(347.85kWh)";"055-960-3420";"케이지모빌리티커머셜";"대한민국"
231;1;6;"GD11N";"태영티엔티";"car_images/250903_142832230.png";"(대형) 51인승";"80km/h";"418km";"6177";"리튬이온(299.2kWh)";"051-323-5001";"Xiamen Golden Dragon Bus";"중국"
232;1;6;"HYPERS1611P(45인승 접이식)";"피라인모터스";"car_images/250903_142839231.png";"(대형) 45인승";"80km/h";"425km";"6284";"리튬이온(299.3kWh)";"02-2038-2407";"Higer";"중국"
233;1;6;"HYPERS1611P(45인승 힙레스트)";"피라인모터스";"car_images/250903_142840232.png";"(대형) 45인승";"80km/h";"425km";"6276";"리튬이온(299.3kWh)";"02-2038-2407";"Higer";"중국"
234;1;6;"HYPERS HP";"피라인모터스";"car_images/250903_142842233.png";"(대형) 42인승";"80km/h";"403km";"5973";"리튬이온(298.7kWh)";"02-2038-2407";"Higer";"중국"
235;1;6;"HYPERS PRIME";"피라인모터스";"car_images/250903_142843234.png";"(대형) 45인승";"80km/h";"561km";"6930";"리튬이온(384.8kWh)";"02-2038-2407";"Higer";"중국"
236;1;6;"HYPERS1609P(25인승 접이식)";"피라인모터스";"car_images/250903_142844235.png";"(대형) 25인승";"80km/h";"443km";"6304";"리튬이온(299.3kWh)";"02-2038-2407";"Higer";"중국"
237;1;6;"HYPERS1609P(25인승 힙레스트)";"피라인모터스";"car_images/250903_142845236.png";"(대형) 25인승";"80km/h";"443km";"6297";"리튬이온(299.3kWh)";"02-2038-2407";"Higer";"중국"
238;1;6;"HYPERS1609P(30인승 접이식)";"피라인모터스";"car_images/250903_142846237.png";"(대형) 30인승";"80km/h";"443km";"6304";"리튬이온(299.3kWh)";"02-2038-2407";"Higer";"중국"
239;1;6;"HYPERS1609P(30인승 힙레스트)";"피라인모터스";"car_images/250903_142846238.png";"(대형) 30인승";"80km/h";"443km";"6297";"리튬이온(299.3kWh)";"02-2038-2407";"Higer";"중국"
240;1;6;"GREENWAY720";"한차";"car_images/250903_142854239.png";"(중형) 15인승";"90km/h";"344km";"3951";"리튬이온(153.45kWh)";"070-4266-1861";"CRRC Electric Vehicle";"중국"
241;1;6;"GREENWAY1100";"한차";"car_images/250903_142854240.png";"(대형) 46인승";"80km/h";"408km";"5895";"리튬이온(299kWh)";"070-4266-1861";"CRRC Electric Vehicle";"중국"
242;1;6;"GREENWAY1100A";"한차";"car_images/250903_142855241.png";"(대형) 46인승";"80km/h";"379km";"5006";"리튬이온(258kWh)";"070-4266-1861";"CRRC Electric Vehicle";"중국"
243;1;6;"일렉시티(4PACK V2)";"현대자동차";"car_images/250903_142902242.png";"(대형) 52인승";"82.8km/h";"395km";"6683";"리튬이온폴리머(290.4kWh)";"080-200-6000";"현대자동차";"대한민국"
244;1;6;"카운티 일렉트릭";"현대자동차";"car_images/250903_142904243.png";"(중형) 33인승";"90km/h";"303.4km";"5000";"리튬이온폴리머(128kWh)";"080-200-6000";"현대자동차";"대한민국"
245;1;6;"카운티 일렉트릭(마을버스)";"현대자동차";"car_images/250903_142905244.png";"(중형) 23인승";"90km/h";"338.3km";"5000";"리튬이온폴리머(128kWh)";"080-200-6000";"현대자동차";"대한민국"
246;1;6;"카운티 일렉트릭(어린이버스)";"현대자동차";"car_images/250903_142906245.png";"(중형) 33인승";"90km/h";"303.4km";"9554";"리튬이온폴리머(128kWh)";"080-200-6000";"현대자동차";"대한민국"
247;1;6;"일렉시티 이층버스";"현대자동차";"car_images/250903_142907246.png";"(대형) 71인승";"94.7km/h";"447km";"12812";"리튬이온폴리머(384kWh)";"080-200-6000";"현대자동차";"대한민국"
248;1;6;"일렉시티 타운";"현대자동차";"car_images/250903_142908247.png";"(대형) 41인승";"94.2km/h";"350.2km";"6403";"리튬이온폴리머(217.8kWh)";"080-200-6000";"현대자동차";"대한민국"
249;1;6;"일렉시티(4PACK V1)";"현대자동차";"car_images/250903_142909248.png";"(대형) 52인승";"94.3km/h";"420.8km";"6994";"리튬이온폴리머(290.4kWh)";"080-200-6000";"현대자동차";"대한민국"
250;1;6;"BYD eBus7";"GS글로벌";"car_images/250903_142916249.png";"(중형) 25인승";"100km/h";"341km";"1650";"리튬인산철(150.835kWh)";"02-2005-5191";"BYD";"중국"
251;1;6;"BYD eBus11";"GS글로벌";"car_images/250903_142917250.png";"(대형) 49인승";"80km/h";"544km";"2821";"리튬인산철(382.5kWh)";"02-2005-5191";"BYD";"중국"
252;1;6;"BYD eBus9";"GS글로벌";"car_images/250903_142918251.png";"(대형) 41인승";"75km/h";"474km";"2161";"리튬인산철(289.1kWh)";"02-2005-5191";"BYD";"중국"
253;1;7;"D1";"가브리엘";"car_images/250903_142932252.png";"(소형) 2인승";"100km/h";"(상온) 68.8km (저온) 54.2km";"NULL";"리튬이온(4.8kWh)";"1588-5101";"DOUFENG VEHICLE";"홍콩"
254;1;7;"D2";"가브리엘";"car_images/250903_142933253.png";"(소형) 2인승";"100km/h";"(상온) 70.4km (저온) 54.9km";"NULL";"리튬이온(4.8kWh)";"1588-5101";"DOUFENG VEHICLE";"홍콩"
255;1;7;"LIBERTAR-S";"거상";"car_images/250903_142940254.png";"(소형) 2인승";"74.4km/h";"(상온) 57km (저온) 50.2km";"NULL";"리튬이온(2.88kWh)";"1533-1988";"거상";"대한민국"
256;1;7;"GMT-V6";"그린모빌리티";"car_images/250903_142947255.png";"(소형) 2인승";"64.2km/h";"(상온) 88.3km (저온) 79.9km";"NULL";"리튬이온(4.8kWh)";"1522-8228";"그린모빌리티";"대한민국"
257;1;7;"SEBIA-PROE";"그린모빌리티";"car_images/250903_142948256.png";"(소형) 1인승";"70.9km/h";"(상온) 66.8km (저온) 51.8km";"NULL";"리튬이온(3.6kWh)";"1522-8228";"그린모빌리티";"대한민국"
258;1;7;"JANGBORI-Ⅱ";"그린모빌리티";"car_images/250903_142949257.png";"(기타형) 1인승";"40.8km/h";"(상온) 42.5km (저온) 33km";"NULL";"리튬이온(3.6kWh)";"1522-8228";"그린모빌리티";"대한민국"
259;1;7;"AE8";"그린모터스";"car_images/250903_142956258.png";"(중형) 2인승";"74.5km/h";"(상온) 86.3km (저온) 75.6km";"NULL";"리튬이온(3.73kWh)";"051-242-8226";"ZHEJIANG CFMOTO";"중국"
260;1;7;"EV-C1(공유)";"닷스테이션";"car_images/250903_143003259.png";"(소형) 2인승";"86.6km/h";"(상온) 58.9km (저온) 46.8km";"NULL";"리튬이온(3.23kWh)";"1522-7116";"AEON MOTOR";"대만"
261;1;7;"GOGORO S2(공유)";"닷스테이션";"car_images/250903_143004260.png";"(소형) 2인승";"82.1km/h";"(상온) 61.9km (저온) 44.9km";"NULL";"리튬이온(3.23kWh)";"1522-7116";"GOGORO TAIWAN";"대만"
262;1;7;"GOGORO2 PLUS(공유)";"닷스테이션";"car_images/250903_143004261.png";"(소형) 2인승";"78.6km/h";"(상온) 68.3km (저온) 55.1km";"NULL";"리튬이온(3.68kWh)";"1522-7116";"GOGORO TAIWAN";"대만"
263;1;7;"GOGORO2 UTILITY(공유)";"닷스테이션";"car_images/250903_143005262.png";"(소형) 2인승";"77.5km/h";"(상온) 57.5km (저온) 43.3km";"NULL";"리튬이온(3.28kWh)";"1522-7116";"GOGORO TAIWAN";"대만"
264;1;7;"DDM1";"대동모빌리티";"car_images/250903_143012263.png";"(소형) 2인승";"82.5km/h";"(상온) 63.6km (저온) 47.3km";"NULL";"리튬이온(3.1kWh)";"1666-0965";"대동모빌리티";"대한민국"
265;1;7;"DDM1(공유)";"대동모빌리티";"car_images/250903_143013264.png";"(소형) 2인승";"82.5km/h";"(상온) 63.6km (저온) 47.3km";"NULL";"리튬이온(3.1kWh)";"1666-0965";"대동모빌리티";"대한민국"
266;1;7;"GS110";"대동모빌리티";"car_images/250903_143014265.png";"(소형) 2인승";"76.9km/h";"(상온) 60.6km (저온) 43.2km";"NULL";"리튬이온(3.05kWh)";"1666-0965";"대동모빌리티";"대한민국"
267;1;7;"GS110(공유)";"대동모빌리티";"car_images/250903_143015266.png";"(소형) 2인승";"76.9km/h";"(상온) 60.6km (저온) 43.2km";"NULL";"리튬이온(3.05kWh)";"1666-0965";"대동모빌리티";"대한민국"
268;1;7;"MOJITO";"더좋은사람";"car_images/250903_143022267.png";"(소형) 2인승";"76.9km/h";"(상온) 84.1km (저온) 63.5km";"NULL";"리튬이온(3.96kWh)";"070-4911-2733";"FOSHAN CHAOJUE CAR";"중국"
269;1;7;"EM-1";"디앤에이모터스";"car_images/250903_143029268.png";"(소형) 2인승";"75.7km/h";"(상온) 60.4km (저온) 50.6km";"NULL";"리튬이온(2.88kWh)";"1588-0095";"망강마탁차제조유한공사";"중국"
270;1;7;"EM-1D";"디앤에이모터스";"car_images/250903_143030269.png";"(소형) 2인승";"82.6km/h";"(상온) 56.3km (저온) 46.1km";"NULL";"리튬이온(2.94kWh)";"1588-0095";"디앤에이모터스";"대한민국"
271;1;7;"EM-1D(공유)";"디앤에이모터스";"car_images/250903_143030270.png";"(소형) 2인승";"82.6km/h";"(상온) 56.3km (저온) 46.1km";"NULL";"리튬이온(2.94kWh)";"1588-0095";"디앤에이모터스";"대한민국"
272;1;7;"EM-1S";"디앤에이모터스";"car_images/250903_143031271.png";"(소형) 2인승";"80.9km/h";"(상온) 55.5km (저온) 44km";"NULL";"리튬이온(2.94kWh)";"1588-0095";"망강마탁차제조유한공사";"중국"
273;1;7;"EM-1S(공유)";"디앤에이모터스";"car_images/250903_143032272.png";"(소형) 2인승";"80.9km/h";"(상온) 55.5km (저온) 44km";"NULL";"리튬이온(2.94kWh)";"1588-0095";"망강마탁차제조유한공사";"중국"
274;1;7;"ED-1A";"디앤에이모터스";"car_images/250903_143034273.png";"(소형) 2인승";"83.4km/h";"(상온) 61.9km (저온) 51.3km";"NULL";"리튬이온(2.94kWh)";"1588-0095";"디앤에이모터스";"대한민국"
275;1;7;"ED-1A(공유)";"디앤에이모터스";"car_images/250903_143035274.png";"(소형) 2인승";"83.4km/h";"(상온) 61.9km (저온) 51.3km";"NULL";"리튬이온(2.94kWh)";"1588-0095";"디앤에이모터스";"대한민국"
276;1;7;"ED-1B";"디앤에이모터스";"car_images/250903_143035275.png";"(소형) 2인승";"85.7km/h";"(상온) 66.9km (저온) 55km";"NULL";"리튬이온(2.94kWh)";"1588-0095";"디앤에이모터스";"대한민국"
277;1;7;"ED-1B(공유)";"디앤에이모터스";"car_images/250903_143036276.png";"(소형) 2인승";"85.7km/h";"(상온) 66.9km (저온) 55km";"NULL";"리튬이온(2.94kWh)";"1588-0095";"디앤에이모터스";"대한민국"
278;1;7;"EG400";"디앤에이모터스";"car_images/250903_143037277.png";"(소형) 2인승";"69.3km/h";"(상온) 63.6km (저온) 55.5km";"NULL";"리튬이온(2.68kWh)";"1588-0095";"디앤에이모터스";"대한민국"
279;1;7;"EG400K";"디앤에이모터스";"car_images/250903_143038278.png";"(소형) 2인승";"69.2km/h";"(상온) 55.9km (저온) 43.4km";"NULL";"리튬이온(2.49kWh)";"1588-0095";"디앤에이모터스";"대한민국"
280;1;7;"몬스터S";"맥모터스";"car_images/250903_143045279.png";"(소형) 2인승";"89.3km/h";"(상온) 150.8km (저온) 136.7km";"NULL";"리튬이온(8.28kWh)";"1644-9937";"맥모터스";"대한민국"
281;1;7;"MO-3";"모노모빌리티";"car_images/250903_143052280.png";"(소형) 2인승";"70.6km/h";"(상온)72.3km (저온)57.2km";"NULL";"리튬이온 (3.60kWh)";"1551-3888";"HONGKONG YIXING";"중국"
282;1;7;"MO-1";"모노모빌리티";"car_images/250903_143053281.png";"(기타형) 1인승";"42.5km/h";"(상온) 44.5km (저온) 35km";"NULL";"리튬이온(3.6kWh)";"1551-3888";"HONGKONG YIXING";"중국"
283;1;7;"R1";"블루샤크코리아";"car_images/250903_143100282.png";"(소형) 2인승";"68.4km/h";"(상온) 66.7km (저온) 58.8km";"NULL";"리튬인산철(2.88kWh)";"1811-6540";"샤크걸프테크놀로지스그룹";"중국"
284;1;7;"R1 Lite";"블루샤크코리아";"car_images/250903_143101283.png";"(소형) 2인승";"64.6km/h";"(상온) 54.5km (저온) 47.7km";"NULL";"리튬인산철(2.88kWh)";"1811-6540";"샤크걸프테크놀로지스그룹";"중국"
285;1;7;"R1 Lite(공유)";"블루샤크코리아";"car_images/250903_143101284.png";"(소형) 2인승";"64.6km/h";"(상온) 54.5km (저온) 47.7km";"NULL";"리튬인산철(2.88kWh)";"1811-6540";"샤크걸프테크놀로지스그룹";"중국"
286;1;7;"R1(공유)";"블루샤크코리아";"car_images/250903_143102285.png";"(소형) 2인승";"68.4km/h";"(상온) 66.7km (저온) 58.8km";"NULL";"리튬인산철(2.88kWh)";"1811-6540";"샤크걸프테크놀로지스그룹";"중국"
287;1;7;"R1K(공유)";"블루샤크코리아";"car_images/250903_143103286.png";"(소형) 2인승";"74.9km/h";"(상온) 57.6km (저온) 45km";"NULL";"리튬이온(3.1kWh)";"1811-6540";"샤크걸프테크놀로지스그룹";"중국"
288;1;7;"DUO MAX";"시엔케이";"car_images/250903_143110287.png";"(소형) 2인승";"72.4km/h";"(상온) 72.7km (저온) 59.3km";"NULL";"리튬이온(3.6kWh)";"054-977-0204";"시엔케이";"대한민국"
289;1;7;"TRIO-W";"시엔케이";"car_images/250903_143111288.png";"(기타형) 2인승";"48.3km/h";"(상온) 49.7km (저온) 41.3km";"NULL";"리튬이온(3.6kWh)";"054-977-0204";"시엔케이";"대한민국"
290;1;7;"TREBI-H2.4";"앨비";"car_images/250903_143118289.png";"(기타형) 1인승";"39.8km/h";"(상온) 41.3km (저온) 30.2km";"NULL";"리튬이온(3.37kWh)";"1566-4581";"앨비";"대한민국"
291;1;7;"WIND-K2B-1";"에스엘모터스";"car_images/250903_143125290.png";"(기타형) 1인승";"44.6km/h";"(상온) 47.8km (저온) 39.3km";"NULL";"리튬이온(3.46kWh)";"051-205-5333";"에스엘모터스";"대한민국"
292;1;7;"WIND-K2T";"에스엘모터스";"car_images/250903_143126291.png";"(기타형) 1인승";"42.6km/h";"(상온)46.0km (저온)37.7km";"NULL";"리튬이온 (3.46kWh)";"051-205-5333";"에스엘모터스";"대한민국"
293;1;7;"MBI-S(4.26kWh)";"엠비아이";"car_images/250903_143133292.png";"(소형) 2인승";"86.4km/h";"(상온) 85.5km (저온) 78.2km";"NULL";"리튬이온(4.26kWh)";"043-274-9701";"엠비아이";"대한민국"
294;1;7;"MBI-V(4.26kWh)";"엠비아이";"car_images/250903_143134293.png";"2인승";"84.9km/h";"(상온) 84.4km (저온) 66.5km";"NULL";"리튬이온(4.26kWh)";"043-274-9701";"엠비아이";"대한민국"
295;1;7;"MBI-X(4.26kWh)";"엠비아이";"car_images/250903_143134294.png";"2인승";"86km/h";"(상온) 78.4km (저온) 73km";"NULL";"리튬이온(4.26kWh)";"043-274-9701";"엠비아이";"대한민국"
296;1;7;"E7S";"와코";"car_images/250903_143141295.png";"(소형) 1인승";"76.5km/h";"(상온) 73.7km (저온) 63.1km";"NULL";"리튬이온(3.24kWh)";"1600-1631";"와코";"대한민국"
297;1;7;"X10";"와코";"car_images/250903_143142296.png";"(소형) 2인승";"88.8km/h";"(상온) 62km (저온) 50.8km";"NULL";"리튬이온(3.05kWh)";"1600-1631";"와코";"대한민국"
298;1;7;"X10(공유)";"와코";"car_images/250903_143143297.png";"(소형) 2인승";"88.8km/h";"(상온) 62km (저온) 50.8km";"NULL";"리튬이온(3.05kWh)";"1600-1631";"와코";"대한민국"
299;1;7;"X10A";"와코";"car_images/250903_143144298.png";"(소형) 2인승";"89.5km/h";"(상온)58.1km (저온)42.5km";"NULL";"리튬이온(3.05kWh)";"1600-1631";"와코";"대한민국"
300;1;7;"X10A(공유형)";"와코";"car_images/250903_143145299.png";"(소형) 2인승";"89.5km/h";"(상온)58.1km (저온)42.5km";"NULL";"리튬이온(3.05kWh)";"1600-1631";"와코";"대한민국"
301;1;7;"OK1 KOOROO";"이누리";"car_images/250903_143152300.png";"(소형) 2인승";"71.6km/h";"(상온) 71.1km (저온) 44.8km";"NULL";"리튬이온(3.89kWh)";"1533-2008";"JIANGSU SUNHOU MOTORCYCLE";"중국"
302;1;7;"OK1 KOOROO PRO";"이누리";"car_images/250903_143152301.png";"(소형) 2인승";"84.5km/h";"(상온)70.7km (저온)51.6km";"NULL";"리튬이온(3.89kWh)";"1533-2008";"JIANGSU SUNHOU MOTORCYCLE";"중국"
303;1;7;"V1";"이누리";"car_images/250903_143153302.png";"(소형) 2인승";"83.8km/h";"(상온) 104.8km (저온) 81km";"NULL";"리튬이온(3.6kWh)";"1533-2008";"JIANGSU SUNHOU MOTORCYCLE";"중국"
304;1;7;"S-V28";"이브이모터스";"car_images/250903_143200303.png";"(기타형) 2인승";"65.6km/h";"(상온) 60.7km (저온) 51.2km";"NULL";"리튬이온(3.46kWh)";"1599-5118";"이브이모터스";"대한민국"
305;1;7;"DEUX7";"이쓰리모빌리티";"car_images/250903_143207304.png";"(소형) 2인승";"84.1km/h";"(상온) 62.3km (저온) 49.7km";"NULL";"리튬이온(3.1kWh)";"02-2038-3339";"이쓰리모빌리티";"대한민국"
306;1;7;"DEUX7(공유)";"이쓰리모빌리티";"car_images/250903_143208305.png";"(소형) 2인승";"84.1km/h";"(상온) 62.3km (저온) 49.7km";"NULL";"리튬이온(3.1kWh)";"02-2038-3339";"이쓰리모빌리티";"대한민국"
307;1;7;"BONO";"이오모터스";"car_images/250903_143215306.png";"(경형) 2인승";"67.1km/h";"(상온) 74.4km (저온) 62.5km";"NULL";"리튬이온(2.88kWh)";"031-977-0698";"YONGKANG DAHAI";"중국"
308;1;7;"BONOⅡ";"이오모터스";"car_images/250903_143216307.png";"(소형) 2인승";"76.5km/h";"(상온) 91.4km (저온) 74.6km";"NULL";"리튬이온(3.7kWh)";"031-977-0698";"YONGKANG DAHAI";"중국"
309;1;7;"TI";"이오모터스";"car_images/250903_143217308.png";"(소형) 2인승";"89.1km/h";"(상온) 93.5km (저온) 85km";"NULL";"리튬이온(5.92kWh)";"031-977-0698";"YONGKANG DAHAI";"중국"
310;1;7;"ZENTROPY Z(공유)";"젠트로피";"car_images/250903_143224309.png";"(소형) 2인승";"98.9km/h";"(상온) 79.4km (저온) 68km";"NULL";"리튬이온(3.39kWh)";"1661-3134";"젠트로피";"대한민국"
311;1;7;"ZENTROPY Z(플러그인)";"젠트로피";"car_images/250903_143225310.png";"(소형) 2인승";"98.9km/h";"(상온) 79.4km (저온) 68km";"NULL";"리튬이온(3.39kWh)";"1661-3134";"젠트로피";"대한민국"
312;1;7;"E-LUTION";"케이알모터스";"car_images/250903_143232311.png";"(소형) 2인승";"84km/h";"(상온) 63km (저온) 50.8km";"NULL";"리튬이온(3.09kWh)";"1588-5552";"케이알모터스";"대한민국"
313;1;7;"E-LUTION(공유)";"케이알모터스";"car_images/250903_143233312.png";"(소형) 2인승";"84km/h";"(상온) 63km (저온) 50.8km";"NULL";"리튬이온(3.09kWh)";"1588-5552";"케이알모터스";"대한민국"
314;1;7;"E-SKO TRI";"케이알모터스";"car_images/250903_143233313.png";"(기타형) 1인승";"41.8km/h";"(상온) 44.3km (저온) 35km";"NULL";"리튬이온(3.6kWh)";"1588-5552";"케이알모터스";"대한민국"
315;1;7;"DICE SUPER";"킴스트";"car_images/250903_143241314.png";"(소형) 2인승";"68.3km/h";"(상온) 85.4km (저온) 69.3km";"NULL";"리튬이온(3.46kWh)";"1566-8508";"킴스트";"대한민국"
316;1;7;"DICE PLUS";"킴스트";"car_images/250903_143241315.png";"(기타형) 1인승";"48.4km/h";"(상온) 42.2km (저온) 32.7km";"NULL";"리튬이온(3.46kWh)";"1566-8508";"킴스트";"대한민국"
317;1;7;"DICE TRUCK";"킴스트";"car_images/250903_143242316.png";"(기타형) 1인승";"49.9km/h";"(상온) 40.5km (저온) 34.6km";"NULL";"리튬이온(3.46kWh)";"1566-8508";"킴스트";"대한민국"
318;1;7;"SUPER SOCO TC MAX";"핸디라이프";"car_images/250903_143249317.png";"(소형) 2인승";"87.5km/h";"(상온) 80.6km (저온) 64.6km";"NULL";"리튬이온(3.24kWh)";"070-8095-4883";"SUPER SOCO";"중국"
319;2;2;"넥쏘";"현대자동차";"car_images/250903_143259318.png";"5인승";"177km/h";"NULL";"2250";"NULL";"NULL";"NULL";"NULL"
320;2;2;"디올뉴넥쏘";"현대자동차";"car_images/250903_143259319.png";"5인승";"178km/h";"NULL";"2250";"NULL";"NULL";"NULL";"NULL"
321;2;5;"엑시언트 수소전기트럭 윙바디";"현대자동차";"car_images/250903_143307320.png";"2인승";"88km/h";"NULL";"25000";"NULL";"NULL";"NULL";"NULL"
322;2;6;"유니버스 수소전기버스";"현대자동차";"car_images/250903_143316321.png";"46인승";"90km/h";"NULL";"26000";"NULL";"NULL";"NULL";"NULL"
323;2;6;"유니버스 수소전기버스(2026)";"현대자동차";"car_images/250903_143316322.png";"33인승";"100 km/h";"NULL";"26000";"NULL";"NULL";"NULL";"NULL"
324;2;6;"일렉시티 FCEV";"현대자동차";"car_images/250903_143317323.png";"48인승";"80km/h";"NULL";"21000";"NULL";"NULL";"NULL";"NULL"
325;2;11;"에이엠수소10톤암롤트럭";"에이엠특장";"car_images/250903_143325324.png";"2인승";"88km/h";"NULL";"72000(관용)";"NULL";"NULL";"NULL";"NULL"
326;2;11;"에이엠수소9.3톤압축식진개차";"에이엠특장";"car_images/250903_143326325.png";"2인승";"88km/h";"NULL";"72000(관용)";"NULL";"NULL";"NULL";"NULL"
327;1;12;"SD220D-2";"금강중공업";"car_images/250903_143335326.png";"NULL";"NULL";"NULL";"NULL";"케이블형(89.8kW)";"055-356-8151";"NULL";"NULL"
328;1;12;"SD300E";"금강중공업";"car_images/250903_143336327.png";"NULL";"NULL";"NULL";"NULL";"케이블형(131.7kW)";"055-356-8151";"NULL";"NULL"
329;1;12;"SD360C-3";"금강중공업";"car_images/250903_143337328.png";"NULL";"NULL";"NULL";"NULL";"케이블형(184.6kW)";"055-356-8151";"NULL";"NULL"
330;1;12;"E10e";"두산밥캣코리아";"car_images/250903_143344329.png";"NULL";"NULL";"NULL";"NULL";"리튬이온(11.52kWh)";"031-5179-3306";"NULL";"NULL"
331;1;12;"E19e";"두산밥캣코리아";"car_images/250903_143345330.png";"NULL";"NULL";"NULL";"NULL";"리튬이온(17.28kWh)";"031-5179-3306";"NULL";"NULL"
332;1;12;"EC300F";"볼보그룹코리아";"car_images/250903_143352331.png";"NULL";"NULL";"NULL";"NULL";"케이블형(185kWh)";"1644-1172";"NULL";"NULL"
333;1;12;"JEC230F";"볼보그룹코리아";"car_images/250903_143352332.png";"NULL";"NULL";"NULL";"NULL";"리튬이온(447.85kWh)";"1644-1172";"NULL";"NULL"
334;1;12;"JECR25D";"볼보그룹코리아";"car_images/250903_143353333.png";"NULL";"NULL";"NULL";"NULL";"리튬이온(20kWh)";"1644-1172";"NULL";"NULL"
335;1;12;"DaVinci10";"이스쿠스";"car_images/250903_143400334.png";"NULL";"NULL";"NULL";"NULL";"리튬인산철(8kWh)";"042-863-7063";"NULL";"NULL"
336;1;12;"HX520AE";"HD현대건설기계";"car_images/250903_143407335.png";"NULL";"NULL";"NULL";"NULL";"케이블형(270kW)";"02-479-7837";"NULL";"NULL"
337;1;12;"ROBEX300LC-E(R300LC-E)";"HD현대건설기계";"car_images/250903_143408336.png";"NULL";"NULL";"NULL";"NULL";"케이블형(160.3kW)";"02-479-7837";"NULL";"NULL"
338;1;12;"DX550LCE";"HD현대인프라코어";"car_images/250903_143415337.png";"NULL";"NULL";"NULL";"NULL";"케이블형(300kW)";"02-479-8351";"NULL";"NULL"
339;1;12;"DX20ZE";"HD현대인프라코어";"car_images/250903_143417338.png";"NULL";"NULL";"NULL";"NULL";"리튬이온(20.4kWh)";"1600-1120";"NULL";"NULL"
340;1;12;"DX240LCE";"HD현대인프라코어";"car_images/250903_143418339.png";"NULL";"NULL";"NULL";"NULL";"케이블형(132kW)";"02-479-8351";"NULL";"NULL"
341;1;12;"DX300LCE";"HD현대인프라코어";"car_images/250903_143418340.png";"NULL";"NULL";"NULL";"NULL";"케이블형(160kW)";"1600-1120";"NULL";"NULL"
342;1;12;"DX320LCE";"HD현대인프라코어";"car_images/250903_143419341.png";"NULL";"NULL";"NULL";"NULL";"케이블형(200kWh)";"02-479-8351";"NULL";"NULL"
343;1;12;"DX400LCE";"HD현대인프라코어";"car_images/250903_143420342.png";"NULL";"NULL";"NULL";"NULL";"케이블형(250kW)";"02-479-8351";"NULL";"NULL"
344;1;12;"DX550LC-7";"HD현대인프라코어";"car_images/250903_143421343.png";"NULL";"NULL";"NULL";"NULL";"케이블형(300kW)";"02-479-8351";"NULL";"NULL"
345;1;12;"iX10e";"HR E&I";"car_images/250903_143428344.png";"NULL";"NULL";"NULL";"NULL";"리튬이온(13kWh)";"063-540-5500";"NULL";"NULL"
346;1;12;"iX12e";"HR E&I";"car_images/250903_143428345.png";"NULL";"NULL";"NULL";"NULL";"리튬이온(20kWh)";"063-540-5500";"NULL";"NULL"
347;1;12;"iX17e";"HR E&I";"car_images/250903_143429346.png";"NULL";"NULL";"NULL";"NULL";"리튬이온(30kWh)";"063-540-5500";"NULL";"NULL"
348;1;12;"iX17e-A1";"HR E&I";"car_images/250903_143430347.png";"NULL";"NULL";"NULL";"NULL";"리튬이온(30kWh)";"063-540-5500";"NULL";"NULL"
349;1;12;"iX35e";"HR E&I";"car_images/250903_143431348.png";"NULL";"NULL";"NULL";"NULL";"리튬이온(40kWh)";"063-540-5500";"NULL";"NULL"
350;2;13;"B30X-7 Plus";"두산밥캣코리아";"car_images/250903_143439349.png";"NULL";"NULL";"NULL";"NULL";"NULL";"1688-6262";"NULL";"NULL"
351;2;13;"B35X-7 Plus";"두산밥캣코리아";"car_images/250903_143440350.png";"NULL";"NULL";"NULL";"NULL";"NULL";"1688-6262";"NULL";"NULL"
